Artist Name,Content Name,Feature Name,Event Start Timestamp,Genre
Radiohead,Airbag (Remastered),for_you / days_albums / album_detail / album_detail,2019-04-14 05:13:07.574000+00:00,Alternative
Foals,White Onions,search / artist_detail / artist_see_all,2019-04-14 05:25:45.647000+00:00,Alternative
Mac DeMarco,All of Our Yesterdays,library/songs,2019-04-14 06:33:05.775000+00:00,Alternative
Chumped,Anywhere but Here,library/songs,2019-04-14 06:33:16.329000+00:00,Alternative
The Doors,Love Me Two Times,search / artist_detail / artist_see_all,2019-04-14 06:43:48.400000+00:00,Rock
Sonic Youth,Teen Age Riot,search / artist_detail / artist_see_all,2019-04-14 06:45:13.856000+00:00,Alternative
Fuzz,Earthen Gate,search / album_detail,2019-04-14 06:46:58.251000+00:00,Alternative
Sonic Death,Sosaaad,search / artist_detail,2019-04-14 07:37:03.257000+00:00,Rock
The Orwells,In My Bed,library / albums / album_detail,2019-04-14 11:51:40.576000+00:00,Rock
Cage the Elephant,Trouble,for_you / days_albums / album_detail,2019-04-14 11:52:51.925000+00:00,Alternative
Увула,Ноль объект,library / album_detail,2019-04-14 12:01:04.710000+00:00,Pop
Summer Salt,Time Away from Home,library / songs,2019-04-15 11:28:16.902000+00:00,Alternative
Scott Walker,It's Raining Today,for_you / days_playlist / playlist_detail,2019-04-15 11:37:22.057000+00:00,Pop
The Byrds,The Airport Song,for_you / days_playlist / playlist_detail,2019-04-15 11:42:13.372000+00:00,Singer/Songwriter
Big Thief,UFOF,for_you / days_playlist / playlist_detail,2019-04-15 11:45:05.347000+00:00,Alternative
Blitzen Trapper,Lady on the Water,for_you / days_playlist / playlist_detail,2019-04-15 11:48:13.691000+00:00,Alternative
The National,Born to Beg,for_you / days_playlist / playlist_detail,2019-04-15 11:50:39.784000+00:00,Alternative
Kevin Morby,No Halo,for_you / days_playlist / playlist_detail,2019-04-15 11:55:02.697000+00:00,Alternative
Tom Waits,(Looking For) The Heart of Saturday Night,for_you / days_playlist / playlist_detail,2019-04-15 11:58:09.079000+00:00,Alternative
Bon Iver,Holocene,for_you / days_playlist / playlist_detail,2019-04-15 12:02:02.049000+00:00,Alternative
Close Talker,Half Past Nine,for_you / days_playlist / playlist_detail,2019-04-15 12:07:40.347000+00:00,Alternative
Cuco,Lo Que Siento,for_you / days_playlist / playlist_detail,2019-04-15 12:11:19.225000+00:00,Pop
"The Velvet Underground, Nico",Sunday Morning,for_you / days_playlist / playlist_detail,2019-04-15 12:16:31.164000+00:00,Rock
White Poppy,By My Side,for_you / days_playlist / playlist_detail,2019-04-15 12:19:26.963000+00:00,Alternative
Beach House,Lose Your Smile,for_you / days_playlist / playlist_detail,2019-04-15 12:24:20.886000+00:00,Alternative
HOMESHAKE,All Night Long,for_you / days_playlist / playlist_detail,2019-04-15 12:28:30.198000+00:00,Indie Rock
Sparklehorse,Apple Bed,for_you / days_playlist / playlist_detail,2019-04-15 12:32:08.138000+00:00,Rock
Black Mountain,Line Them All Up,for_you / days_playlist / playlist_detail,2019-04-15 12:37:04.053000+00:00,Alternative
Beck,End of the Day,for_you / days_playlist / playlist_detail,2019-04-15 12:40:59.105000+00:00,Alternative
Blossoms,For Evelyn,for_you / days_playlist / playlist_detail,2019-04-15 12:46:01.127000+00:00,Alternative
Steve Gunn,Atmosphere,for_you / days_playlist / playlist_detail,2019-04-15 12:49:07.915000+00:00,Alternative
Sufjan Stevens,"Concerning the UFO Sighting Near Highland, Illinois",for_you / days_playlist / playlist_detail,2019-04-15 12:54:16.368000+00:00,Alternative
Leonard Cohen,Crazy to Love You,for_you / days_playlist / playlist_detail,2019-04-15 12:56:25.378000+00:00,Singer/Songwriter
Hales Corner,Garden View,for_you / days_playlist / playlist_detail,2019-04-15 12:59:31.237000+00:00,Alternative
Leif Vollebekk,Off the Main Drag,for_you / days_playlist / playlist_detail,2019-04-15 13:01:57.612000+00:00,Alternative
Pink Floyd,Welcome to the Machine,for_you / days_playlist / playlist_detail,2019-04-15 13:05:42.516000+00:00,Rock
Mazzy Star,Blue Light,for_you / days_playlist / playlist_detail,2019-04-15 13:07:06.758000+00:00,Rock
Nightlands,Lost Moon,for_you / days_playlist / playlist_detail,2019-04-15 13:12:19.314000+00:00,Indie Rock
Harrison Brome,Fill Your Brains,for_you / days_playlist / playlist_detail,2019-04-15 13:18:17.855000+00:00,R&B/Soul
Wilco,Please Be Patient with Me,for_you / days_playlist / playlist_detail,2019-04-15 13:21:55.316000+00:00,Rock
Sampha,(No One Knows Me) Like the Piano,for_you / days_playlist / playlist_detail,2019-04-15 13:25:15.085000+00:00,Electronic
ISLAND,Stargazer,for_you / days_playlist / playlist_detail,2019-04-15 13:28:54.454000+00:00,Alternative
Travis,Out in Space,for_you / days_playlist / playlist_detail,2019-04-15 13:32:50.066000+00:00,Alternative
Grant Lee Buffalo,Happiness,for_you / days_playlist / playlist_detail,2019-04-15 13:36:24.718000+00:00,Rock
Bonobo,Break Apart (feat. Rhye),for_you / days_playlist / playlist_detail,2019-04-15 13:39:25.404000+00:00,Electronic
Tindersticks,Until the Morning Comes,for_you / days_playlist / playlist_detail,2019-04-15 13:44:00.036000+00:00,Alternative
The Replacements,All Shook Down,for_you / days_playlist / playlist_detail,2019-04-15 13:47:35.847000+00:00,Rock
Alain Goraguer,Deshominisation (I),for_you / days_playlist / playlist_detail,2019-04-15 13:50:50.276000+00:00,Soundtrack
Ween,She's Your Baby,for_you / days_playlist / playlist_detail,2019-04-15 13:54:40.483000+00:00,Pop
Teenage Fanclub,Steady State,for_you / days_playlist / playlist_detail,2019-04-15 13:57:41.076000+00:00,Alternative
Sam Cohen,Lose Your Illusion,for_you / days_playlist / playlist_detail,2019-04-15 14:02:14.758000+00:00,Alternative
The Strokes,Someday,for_you / days_playlist / playlist_detail,2019-04-16 06:13:25.715000+00:00,Rock
The Vaccines,If You Wanna,for_you / days_playlist / playlist_detail,2019-04-16 06:16:28.734000+00:00,Alternative
alt-J,Left Hand Free,for_you / days_playlist / playlist_detail,2019-04-16 06:17:07.312000+00:00,Alternative
Jack White,You Know That I Know,for_you / artist_playlist / playlist_detail,2019-04-16 17:57:53.220000+00:00,Country
The White Stripes,Hotel Yorba,for_you / artist_playlist / playlist_detail,2019-04-16 18:01:46.226000+00:00,Alternative
Wanda Jackson,Thunder On the Mountain,for_you / artist_playlist / playlist_detail,2019-04-16 18:03:57.234000+00:00,Rock
The Hentchmen,Psycho Daisies,for_you / artist_playlist / playlist_detail,2019-04-16 18:10:10.303000+00:00,Alternative
The Dead Weather,Hang You from the Heavens,for_you / artist_playlist / playlist_detail,2019-04-16 18:10:12.415000+00:00,Rock
"Daniele Luppi, Danger Mouse",Two Against One (feat. Jack White),for_you / artist_playlist / playlist_detail,2019-04-16 18:10:13.770000+00:00,Alternative
Electric Six,Danger! High Voltage (Soulchild Radio Mix),for_you / artist_playlist / playlist_detail,2019-04-16 18:10:19.055000+00:00,Alternative
Pearl Jam,World Wide Suicide,for_you / days_playlist / playlist_detail,2019-04-17 05:50:53.942000+00:00,Alternative
The Killers,Somebody Told Me,for_you / days_playlist / playlist_detail,2019-04-17 05:51:31.962000+00:00,Rock
Weezer,Hash Pipe,for_you / days_playlist / playlist_detail,2019-04-17 05:53:44.567000+00:00,Rock
Arctic Monkeys,I Bet You Look Good on the Dancefloor,for_you / days_playlist / playlist_detail,2019-04-17 05:56:54.823000+00:00,Alternative
Paramore,Misery Business,for_you / days_playlist / playlist_detail,2019-04-17 05:57:56.368000+00:00,Alternative
The Black Keys,Girl Is on My Mind,for_you / days_playlist / playlist_detail,2019-04-17 05:58:17.820000+00:00,Alternative
Red Hot Chili Peppers,By the Way,for_you / days_playlist / playlist_detail,2019-04-17 05:59:05.980000+00:00,Alternative
The Raconteurs,Steady As She Goes,for_you / days_playlist / playlist_detail,2019-04-17 06:08:58.510000+00:00,Alternative
Foo Fighters,The Pretender,for_you / days_playlist / playlist_detail,2019-04-17 06:12:33.430000+00:00,Alternative
LINKIN PARK,Breaking the Habit,for_you / days_playlist / playlist_detail,2019-04-17 06:13:30.562000+00:00,Hard Rock
P.O.D.,Youth of the Nation,for_you / days_playlist / playlist_detail,2019-04-17 08:04:42.196000+00:00,Hard Rock
"LINKIN PARK, JAY-Z",Numb / Encore,for_you / playlist_detail / artist_detail,2019-04-17 08:13:26.049000+00:00,Hard Rock
lofi,Chillin in my House,search / album_detail,2019-04-17 12:14:30.665000+00:00,Hip Hop/Rap
LoFi Hip Hop,Late Night Study Beat,search / album_detail / artist_detail / artist_detail,2019-04-17 12:52:12.434000+00:00,Hip Hop/Rap
PUP,Dvp,library / album_detail,2019-04-17 13:36:01.983000+00:00,Alternative
Led Zeppelin,Stairway to Heaven,search / artist_detail / artist_detail,2019-04-19 13:56:29.754000+00:00,Rock
The Who,Baba O'Riley,search / artist_detail / artist_detail / artist_detail,2019-04-19 14:33:08.253000+00:00,Rock
Cream,White Room,search / artist_detail / artist_detail / artist_detail / artist_detail,2019-04-19 16:25:34.261000+00:00,Rock
The Jimi Hendrix Experience,All Along the Watchtower,search / artist_detail / artist_detail / artist_detail / artist_detail / artist_detail,2019-04-19 18:33:02.595000+00:00,Rock
Gus Dapperton,My Favorite Fish,search / artist_detail / artist_see_all,2019-04-19 19:03:34.430000+00:00,Indie Pop
Billie Eilish,bad guy,browse / browse / top_charts,2019-04-20 11:30:00.190000+00:00,Alternative
Catfish and the Bottlemen,Longshot,for_you / days_playlist / playlist_detail,2019-04-20 11:32:21.820000+00:00,Alternative
Ty Segall,Every 1's a Winner,for_you / days_playlist / playlist_detail,2019-04-20 11:32:37.503000+00:00,Alternative
The Tracks,Hanging On,for_you / days_playlist / playlist_detail,2019-04-20 11:36:54.259000+00:00,Rock
Queens of the Stone Age,The Way You Used to Do,for_you / days_playlist / playlist_detail,2019-04-20 11:37:25.619000+00:00,Rock
Буерак,Постиронично,search / artist_detail / album_detail,2019-04-20 11:37:54.337000+00:00,Pop
Junior Wells' Chicago Blues Band,Ships On the Ocean,radio / grouping,2019-04-20 20:22:58.159000+00:00,Blues
MorMor,Outside,radio / grouping,2019-04-20 20:23:11.120000+00:00,Alternative
Superorganism,Everybody Wants to Be Famous,radio / grouping,2019-04-20 20:27:09.188000+00:00,Alternative
Weyes Blood,Movies,radio / grouping,2019-04-20 20:28:08.197000+00:00,Alternative
Soft Glas,Noon,radio / grouping,2019-04-20 20:33:21.331000+00:00,Pop
Alvvays,Dreams Tonite,radio / grouping,2019-04-20 20:33:26.081000+00:00,Alternative
Steve Lacy,N Side,radio / grouping,2019-04-20 20:36:43.058000+00:00,R&B/Soul
Кино,Хочу перемен,search / artist_detail,2019-04-21 13:38:26.791000+00:00,Rock
"Cage the Elephant, Beck",Night Running,for_you / playlist_detail / artist_detail,2019-04-21 14:22:10.458000+00:00,Alternative
Joy Division,Isolation,for_you / days_playlist / playlist_detail,2019-04-21 17:08:59.553000+00:00,Alternative
The Cure,Pictures of You,for_you / days_playlist / playlist_detail,2019-04-21 17:11:15.139000+00:00,Alternative
Fog Lake,Stars,search / playlist_detail,2019-04-22 19:04:54.109000+00:00,Rock
Cigarettes After Sex,Starry Eyes,search / playlist_detail,2019-04-22 19:04:56.963000+00:00,Alternative
DIIV,Under the Sun,search / artist_detail,2019-04-22 19:06:27.886000+00:00,Indie Rock
гасп,Герберы,search / artist_detail / artist_see_all,2019-04-23 06:17:53.346000+00:00,Alternative
Deaton Chris Anthony,1999 She,for_you / days_playlist / playlist_detail,2019-04-23 19:04:02.409000+00:00,Alternative
Vampire Weekend,Sunflower (feat. Steve Lacy),for_you / days_playlist / playlist_detail,2019-04-23 19:06:50.369000+00:00,Alternative
black midi,Crow's Perch,for_you / days_playlist / playlist_detail,2019-04-24 04:46:04.817000+00:00,Alternative
Yves Tumor,Lifetime,for_you / days_playlist / playlist_detail,2019-04-24 05:25:24.825000+00:00,Alternative
Indigo De Souza,How I Get Myself Killed,for_you / days_playlist / playlist_detail,2019-04-24 08:30:43.854000+00:00,Indie Rock
Crumb,Part III,for_you / recently_played / playlist_detail,2019-04-24 15:20:59.712000+00:00,Indie Rock
Aldous Harding,Fixture Picture,for_you / recently_played / playlist_detail,2019-04-24 15:24:42.636000+00:00,Alternative
Courtney Barnett,Everybody Here Hates You,for_you / recently_played / playlist_detail,2019-04-24 15:28:50.196000+00:00,Indie Rock
SASAMI,Free (feat. Devendra Banhart),for_you / recently_played / playlist_detail,2019-04-24 15:37:08.508000+00:00,Alternative
Nilüfer Yanya,Baby Blu,for_you / recently_played / playlist_detail,2019-04-24 15:47:32.549000+00:00,Alternative
Alfie Templeman,Stop Thinking (About Me),for_you / recently_played / playlist_detail,2019-04-24 15:52:13.652000+00:00,Alternative
Barrie,Clovers,for_you / recently_played / playlist_detail,2019-04-24 17:10:49.138000+00:00,Indie Pop
Claud,If I Were You,for_you / recently_played / playlist_detail,2019-04-24 17:10:51.427000+00:00,Alternative
girl in red,i need to be alone.,for_you / recently_played / playlist_detail,2019-04-24 17:11:03.119000+00:00,Alternative
Omar Apollo,Ashamed,for_you / recently_played / playlist_detail,2019-04-24 17:13:59.207000+00:00,Alternative
Still Woozy,Lava,for_you / recently_played / playlist_detail,2019-04-24 17:14:10.393000+00:00,R&B/Soul
Solange,Binz,for_you / recently_played / playlist_detail,2019-04-24 17:14:44.903000+00:00,R&B/Soul
Georgia,Started Out,for_you / recently_played / playlist_detail,2019-04-24 17:14:46.794000+00:00,Alternative
Tierra Whack,Only Child,for_you / recently_played / playlist_detail,2019-04-24 17:14:59.234000+00:00,Hip Hop/Rap
Rex Orange County,New House,for_you / recently_played / playlist_detail,2019-04-24 17:15:06.204000+00:00,Alternative
Pottery,The Craft,for_you / recently_played / playlist_detail,2019-04-24 17:15:08.725000+00:00,Alternative
CHAI,Choose Go!,for_you / recently_played / playlist_detail,2019-04-24 17:15:58.987000+00:00,Alternative
Mattiel,Keep the Change,for_you / recently_played / playlist_detail,2019-04-24 17:16:14.690000+00:00,Indie Rock
She Keeps Bees,Kinship,for_you / recently_played / playlist_detail,2019-04-24 17:16:19.581000+00:00,Alternative
"Phoebe Bridgers, Conor Oberst, Better Oblivion Community Center",Dylan Thomas,for_you / recently_played / playlist_detail,2019-04-24 17:16:33.678000+00:00,Indie Rock
Fontaines D.C.,Boys In the Better Land,for_you / recently_played / playlist_detail,2019-04-24 17:16:45.848000+00:00,Alternative
Christelle Bofale,U Ouchea,for_you / recently_played / playlist_detail,2019-04-24 17:16:53.966000+00:00,Alternative
Sky Ferreira,Downhill Lullaby,for_you / recently_played / playlist_detail,2019-04-24 17:16:56.754000+00:00,Alternative
Orville Peck,Dead of Night,for_you / recently_played / playlist_detail,2019-04-24 17:16:59.786000+00:00,Alternative
Peggy Gou,Han Pan,for_you / recently_played / playlist_detail,2019-04-24 17:25:53.171000+00:00,House
"Triathalon, Deaton Chris Anthony",Mr. Call You Back,library / artists / artist_detail,2019-04-25 19:18:34.394000+00:00,Alternative
Sharon Van Etten,Seventeen,for_you / days_playlist / playlist_detail,2019-04-25 19:19:26.259000+00:00,Alternative
M.I.A.,Paper Planes,for_you / days_playlist / playlist_detail,2019-04-25 19:19:40.971000+00:00,Electronic
Tame Impala,Borderline,for_you / days_playlist / playlist_detail,2019-04-25 19:24:40.697000+00:00,Alternative
The 1975,It's Not Living (If It's Not With You),for_you / days_playlist / playlist_detail,2019-04-25 19:25:42.068000+00:00,Alternative
Two Door Cinema Club,Talk (Single Edit),for_you / recently_played / playlist_detail,2019-04-26 07:11:02.736000+00:00,Alternative
Gorillaz,Feel Good Inc.,for_you / recently_played / playlist_detail,2019-04-26 07:11:04.328000+00:00,Alternative
Kings of Leon,Waste a Moment,for_you / recently_played / playlist_detail,2019-04-26 07:16:38.487000+00:00,Alternative
Florence + the Machine,Moderation,for_you / recently_played / playlist_detail,2019-04-26 07:16:43.725000+00:00,Alternative
Franz Ferdinand,Take Me Out,for_you / recently_played / playlist_detail,2019-04-26 07:16:47.284000+00:00,Pop
Klaxons,Golden Skans,for_you / recently_played / playlist_detail,2019-04-26 07:16:51.397000+00:00,Electronic
Kasabian,Fire,for_you / recently_played / playlist_detail,2019-04-26 07:17:49.353000+00:00,Alternative
Royal Blood,Figure It Out,for_you / recently_played / playlist_detail,2019-04-26 07:18:10.348000+00:00,Alternative
Gossip,Standing In the Way of Control,for_you / recently_played / playlist_detail,2019-04-26 07:21:14.239000+00:00,Rock
Yeah Yeah Yeahs,Heads Will Roll,for_you / recently_played / playlist_detail,2019-04-26 07:23:26.899000+00:00,Rock
Oasis,Don't Look Back in Anger,search / artist_detail,2019-04-26 07:27:23.804000+00:00,Alternative
Blur,Girls and Boys,search / artist_detail,2019-04-26 07:38:56.156000+00:00,Alternative
Marika Hackman,i’m not where you are,search / artist_detail,2019-05-05 15:19:56.924000+00:00,Alternative
Benny Mails,Aware (feat. Marika Hackman),search / artist_detail,2019-05-05 15:23:42.882000+00:00,Hip-Hop
Soundgarden,Spoonman,for_you / artist_playlist / playlist_detail,2019-05-05 15:37:19.232000+00:00,Hard Rock
The Detroit Cobras,Shout Bamalama,for_you / artist_playlist / playlist_detail,2019-05-05 17:15:32.048000+00:00,Alternative
Beastie Boys,Sabotage (2009 Remaster),search / artist_detail,2019-05-05 17:20:36.395000+00:00,Hip Hop/Rap
The Go,Suzy Don't Leave,for_you / artist_playlist / playlist_detail,2019-05-05 18:24:03.615000+00:00,Alternative
Mark Ronson,Here Comes the Fuzz,for_you / artist_playlist / playlist_detail,2019-05-05 18:24:43.948000+00:00,Dance
"Jack White, Alicia Keys",Another Way to Die,for_you / artist_playlist / playlist_detail,2019-05-05 18:25:35.202000+00:00,R&B/Soul
No Doubt,Just a Girl,for_you / artist_playlist / playlist_detail,2019-05-06 19:01:49.571000+00:00,Pop
BP Fallon,I Believe in Elvis Presley,for_you / artist_playlist / playlist_detail,2019-05-06 19:26:53.897000+00:00,Rock & Roll
The Cardigans,My Favourite Game,for_you / days_albums / album_detail / artist_detail,2019-05-07 05:40:31.608000+00:00,Rock
Diamond Head,It's Electric,for_you / artist_detail,2019-05-07 06:11:10.221000+00:00,Heavy Metal
Dayglow,Can I Call You Tonight?,search / artist_detail,2019-05-08 18:17:43.522000+00:00,Alternative
Beach Fossils,This Year,for_you / days_albums / album_detail,2019-05-10 06:09:10.416000+00:00,Indie Rock
Childish Gambino,IV. Sweatpants,for_you / days_albums / album_detail,2019-05-11 06:31:01.624000+00:00,Hip Hop/Rap
Wu-Tang Clan,"The Heart Gently Weeps (feat. Erykah Badu, Dhani Harrison & John Frusciante)",for_you / artist_playlist / playlist_detail,2019-05-11 06:31:45.900000+00:00,Hip Hop/Rap
"Tyler, The Creator",Who Dat Boy (feat. A$AP Rocky),search / artist_detail,2019-05-11 06:32:31.885000+00:00,Hip Hop/Rap
The Orange Revival,Saturation,for_you / music_reco_module / album_detail,2019-05-15 05:35:05.670000+00:00,Rock
Борис Гребенщиков,Пока горит свеча (Live),search,2019-05-15 09:19:54.284000+00:00,Singer/Songwriter
The Last Shadow Puppets,Standing Next to Me,for_you / music_reco_module / playlist_detail / artist_detail / artist_detail,2019-05-16 06:49:42.341000+00:00,Alternative
Inner Wave,Mushroom,for_you / personalized_mix / playlist_detail,2019-05-19 16:37:01.484000+00:00,Rock
Pancho and the Wizards,Reoccurring Cave,for_you / personalized_mix / playlist_detail,2019-05-27 19:28:23.264000+00:00,Rock
Alann8h,Pink Motel,for_you / personalized_mix / playlist_detail,2019-05-27 19:33:13.244000+00:00,Alternative
5'nizza,Ямайка,search / artist_detail / artist_see_all,2019-05-28 09:40:00.954000+00:00,Reggae
ssshhhiiittt!,19,search / artist_detail,2019-05-29 19:59:56.965000+00:00,Rock
Green Day,Road to Acceptance,search / artist_detail / artist_see_all / album_detail,2019-06-03 20:34:03.574000+00:00,Punk
Самое Большое Простое Число,У нас есть всё,search / artist_detail,2019-06-03 20:51:27.775000+00:00,Alternative
Biosphere,Laika,search,2019-06-05 20:12:52.449000+00:00,Ambient
Vitalic,Laïka,search,2019-06-05 20:15:53.843000+00:00,Electronic
Ice MC,Laika,search,2019-06-05 20:18:04.908000+00:00,Dance
Можем повторить,"Детка, гори!",for_you / personalized_mix / playlist_detail,2019-06-05 22:03:56.190000+00:00,Indie Rock
The Kooks,She Moves In Her Own Way,search / artist_detail / playlist_detail,2019-06-06 05:53:21.643000+00:00,Alternative
Ocean Colour Scene,Hundred Mile High City,search / artist_detail / playlist_detail,2019-06-06 05:55:57.331000+00:00,Rock
Fieh,Brain,for_you / personalized_mix / playlist_detail,2019-06-07 08:18:12.964000+00:00,Soul
"Bluknight, Atwood",Today,for_you / personalized_mix / playlist_detail,2019-06-07 08:22:06.711000+00:00,Hip Hop/Rap
JNDRO,DaysWithYou (feat. Lina),for_you / personalized_mix / playlist_detail,2019-06-07 08:24:50.168000+00:00,R&B/Soul
"singular balance, Bonjr",Interstitial Space,for_you / personalized_mix / playlist_detail,2019-06-07 08:27:42.894000+00:00,Electronica
Beachside Blur,New Wave,for_you / personalized_mix / playlist_detail,2019-06-07 08:29:00.871000+00:00,Alternative
Quentin Arispe,Deliver,for_you / personalized_mix / playlist_detail,2019-06-07 08:31:37.237000+00:00,Alternative
The Summit,Crazy for Life,for_you / personalized_mix / playlist_detail,2019-06-07 08:34:10.602000+00:00,Rock
Mauri Dio,Peachy Keen,for_you / personalized_mix / playlist_detail,2019-06-07 08:34:44.344000+00:00,Alternative
no reception.,Penny,for_you / personalized_mix / playlist_detail,2019-06-07 08:34:47.177000+00:00,Rock
Hailey Orion,Oh Well (feat. Malik),for_you / personalized_mix / playlist_detail,2019-06-07 08:37:29.260000+00:00,Pop
Ysanygo,Even in an Alternate Universe,for_you / personalized_mix / playlist_detail,2019-06-07 08:40:31.567000+00:00,Pop
flo.wav,Breathe Easy (feat. The Primetime Nino),for_you / personalized_mix / playlist_detail,2019-06-07 08:45:37.242000+00:00,Hip Hop/Rap
Far Caspian,Astoria,for_you / personalized_mix / playlist_detail,2019-06-07 08:49:38.530000+00:00,Indie Rock
fern,5 A.M. at the Moxy (feat. Blue K),for_you / personalized_mix / playlist_detail,2019-06-07 08:53:45.029000+00:00,Alternative
The Slaps,I Wanna,for_you / personalized_mix / playlist_detail,2019-06-07 08:56:37.980000+00:00,Alternative
Münechild,Blue Dream,for_you / personalized_mix / playlist_detail,2019-06-07 09:01:06.768000+00:00,Alternative
Deaf Dreamer,Libra Moon,for_you / personalized_mix / playlist_detail,2019-06-07 09:03:47.230000+00:00,Alternative
Das Kope,Tiger,for_you / personalized_mix / playlist_detail,2019-06-07 09:07:33.611000+00:00,Indie Rock
Parting Lines,Break Free,for_you / personalized_mix / playlist_detail,2019-06-07 09:10:34.483000+00:00,Rock
Tear Ducks,Day After Day (Night After Night),for_you / personalized_mix / playlist_detail,2019-06-07 09:12:57.479000+00:00,Alternative
Metronomy,The Look,search / artist_detail,2019-06-07 15:33:54.213000+00:00,Electronic
Elton John,Tiny Dancer,search / artist_detail,2019-06-07 15:47:08.685000+00:00,Pop
"Elton John, Blue",Sorry Seems to Be the Hardest Word (Radio Edit),search / artist_detail,2019-06-07 15:47:20.710000+00:00,Rock
Papooz,Ann Wants to Dance,search,2019-06-08 21:33:16.735000+00:00,Alternative
The Rolling Stones,Anybody Seen My Baby?,search / artist_detail,2019-06-11 06:04:31.871000+00:00,Rock
T-Bone Walker,West Side Baby,radio / grouping,2019-06-11 06:28:03.933000+00:00,Blues
Howlin' Wolf,Crazy About You Baby,radio / grouping,2019-06-11 06:28:25.159000+00:00,Blues
Stevie Ray Vaughan & Double Trouble,Little Wing,radio / grouping,2019-06-11 06:29:00.597000+00:00,Rock
Matt Katsis,Call Me the Breeze,radio / grouping,2019-06-11 06:33:35.400000+00:00,Blues
Percy Mayfield,Please Send Me Someone to Love,radio / grouping,2019-06-11 06:36:39.076000+00:00,Blues
Muddy Waters,Tom Cat,radio / grouping,2019-06-11 06:37:50.304000+00:00,Blues
Son House,Death Letter Blues,radio / grouping,2019-06-11 06:40:45.009000+00:00,Blues
Sonny Boy Williamson,Help Me,radio / grouping,2019-06-11 06:41:29.867000+00:00,Blues
Z.Z. Hill,Down Home Blues,radio / grouping,2019-06-11 06:41:40.112000+00:00,Blues
Freddie King,Have You Ever Loved a Woman?,radio / grouping,2019-06-11 06:41:43.268000+00:00,Blues
Gary Clark Jr.,Shake,radio / grouping,2019-06-11 06:42:09.589000+00:00,Rock
John Mayall,Looking at Tomorrow,radio / grouping,2019-06-11 06:42:26.910000+00:00,Rock
Gary Moore,Did You Ever Feel Lonely?,radio / grouping,2019-06-11 06:42:33.817000+00:00,Blues
Memphis Slim,Blue and Lonesome,radio / grouping,2019-06-11 06:42:48.031000+00:00,Pop
Placebo,Nancy Boy,for_you / music_reco_module / playlist_detail,2019-06-11 06:43:36.957000+00:00,Alternative
Supergrass,Alright,for_you / music_reco_module / playlist_detail,2019-06-11 06:47:25.489000+00:00,Rock
The Smiths,"Please, Please, Please Let Me Get What I Want",for_you / music_reco_module / playlist_detail,2019-06-11 06:47:53.309000+00:00,Rock
King Krule,The Noose of Jah City,for_you / music_reco_module / album_detail,2019-06-11 06:50:52.256000+00:00,Alternative
AC/DC,T.N.T.,search / artist_detail / artist_see_all,2019-06-12 07:08:58.390000+00:00,Hard Rock
MGMT,When You Die,for_you / music_reco_module / playlist_detail,2019-06-12 18:34:09.763000+00:00,Alternative
Atlas Sound,Te Amo,for_you / music_reco_module / album_detail,2019-06-12 23:35:13.209000+00:00,Alternative
Pussy Riot,Track About Good Cop,search / artist_detail,2019-06-13 20:48:56.231000+00:00,Rock
"Pussy Riot, Dave Sitek",Bad Girls (feat. Desi Mo),search / artist_detail,2019-06-13 20:51:57.659000+00:00,Alternative
Арсений Креститель,Мой вейп,search / artist_detail / artist_detail,2019-06-15 16:34:13.527000+00:00,Rock
ZHU,My Life,search / artist_detail,2019-06-16 13:38:37.461000+00:00,Electronic
Travis Scott,SKELETONS,search / artist_detail,2019-06-16 13:38:43.547000+00:00,Hip Hop/Rap
Пасош,Лето,search / artist_detail,2019-06-16 19:13:33.811000+00:00,Punk
"Пасош, ЛСП",Вечеринка (Remix),search / artist_detail,2019-06-16 19:19:23.052000+00:00,Punk
"RSAC, Пасош",Наверное хватит (Remix),search / artist_detail / artist_see_all,2019-06-16 19:42:53.277000+00:00,Punk
Quinn Christopherson,Erase Me,search / artist_detail,2019-06-17 12:46:28.368000+00:00,Alternative
Toro y Moi,Ordinary Pleasure,search / artist_detail,2019-06-18 07:18:57.107000+00:00,Indie Pop
Flying Lotus,9 Carrots (feat. Toro y Moi),search / artist_detail,2019-06-18 07:24:42.449000+00:00,Electronic
The Yardbirds,Lost Woman,for_you / music_reco_module / album_detail,2019-06-23 06:30:47.315000+00:00,Rock
CCFX,The One to Wait,for_you / music_reco_module / album_detail,2019-06-25 06:46:49.269000+00:00,Electronic
The Smashing Pumpkins,1979,search / artist_detail,2019-06-25 07:02:17.292000+00:00,Hard Rock
Сплин,Выхода нет,search / artist_detail,2019-06-27 06:35:23.328000+00:00,Rock
Мумий Тролль,Владивосток 2000,search / artist_detail / artist_detail,2019-06-27 06:35:45.046000+00:00,Rock
Валентин Стрыкало,Кладбище самолётов,search,2019-06-27 18:06:39.929000+00:00,Alternative
Найк Борзов,Лошадка,search / playlist_detail,2019-06-29 15:30:03.903000+00:00,Rock
Foxygen,Work,search / artist_detail,2019-06-29 19:08:33.083000+00:00,Indie Rock
Jimi Hendrix,All Along the Watchtower,for_you / recently_played / album_detail / artist_detail,2019-07-01 05:36:32.342000+00:00,Rock
A$AP Rocky,Praise the Lord (Da Shine) [feat. Skepta],search / artist_detail,2019-07-01 07:25:16.592000+00:00,Hip Hop/Rap
G-Eazy,No Limit (feat. A$AP Rocky & Cardi B),search / artist_detail,2019-07-01 07:31:54.824000+00:00,Hip Hop/Rap
Our Last Night,Sunrise,search / artist_detail,2019-07-01 12:41:49.352000+00:00,Rock
Little Big,Give Me Your Money (feat. Tommy Cash),search / artist_detail,2019-07-01 12:42:58.468000+00:00,Electronic
Tommy Cash,Pussy Money Weed,search / artist_detail,2019-07-01 12:43:01.506000+00:00,Hip Hop/Rap
Moby,Porcelain (2014 Remastered Version),search / artist_detail,2019-07-01 17:54:09.283000+00:00,Pop
Elijah Bank$y,Coitus (feat. Gus Dapperton),for_you / recently_played / album_detail / artist_detail / artist_see_all,2019-07-01 18:26:04.474000+00:00,Hip Hop/Rap
Clairo,Hello? (feat. Rejjie Snow),for_you / music_reco_module / album_detail,2019-07-02 17:04:36.001000+00:00,Alternative
Lana Del Rey,Summer Bummer (feat. A$AP Rocky & Playboi Carti),search / artist_detail,2019-07-02 20:18:20.231000+00:00,Alternative
Kendrick Lamar,HUMBLE.,search / artist_detail / artist_detail,2019-07-02 20:20:36.551000+00:00,Hip Hop/Rap
"The Weeknd, Kendrick Lamar",Pray For Me,search / artist_detail / artist_detail,2019-07-02 20:23:33.416000+00:00,Hip Hop/Rap
UNKLE,Lonely Soul (feat. Richard Ashcroft),search / artist_detail,2019-07-03 05:49:08.273000+00:00,Electronic
Hooverphonic,Mad About You,search / artist_detail,2019-07-03 05:52:33.371000+00:00,Alternative
Монеточка,Каждый раз,search,2019-07-03 05:57:54.918000+00:00,Teen Pop
The Bug,Poison Dart (feat. Warrior Queen),search / artist_detail,2019-07-03 05:59:44.620000+00:00,Electronic
ЛСП,Монетка,search / artist_detail / artist_detail,2019-07-03 06:02:25.460000+00:00,Hip Hop/Rap
"JEEMBO, Хаски",ТОПЬ,search / artist_detail / artist_detail / album_detail,2019-07-03 06:03:01.967000+00:00,Underground Rap
Tiny Meat Gang,Stay Safe,search / artist_detail,2019-07-03 06:04:21.605000+00:00,Hip Hop/Rap
Pink Guy,セックス大好き,search / artist_detail,2019-07-03 06:06:31.884000+00:00,Comedy
Kid Cudi,Pursuit of Happiness (Nightmare) [feat. MGMT & Ratatat],search / artist_detail / artist_see_all,2019-07-06 08:39:41.649000+00:00,Hip Hop/Rap
Thom Yorke,Not the News,search / playlist_detail / artist_detail / album_detail,2019-07-08 05:59:05.428000+00:00,Electronic
The Knife,Silent Shout,radio / grouping,2019-07-08 16:02:07.159000+00:00,Dance
"The Martinez Brothers, A.R.G.Y.",Debbie Downer,radio / grouping,2019-07-08 16:05:23.096000+00:00,Electronic
Goldfrapp,Utopia (Genetically Enriched),radio / grouping,2019-07-08 16:16:48.054000+00:00,Alternative
Freescha,Kite High,radio / grouping,2019-07-08 16:26:13.003000+00:00,Electronic
ESG,You're No Good,radio / grouping,2019-07-08 16:35:56.009000+00:00,Dance
Elmore James,The Sky Is Crying,radio / grouping,2019-07-08 18:05:34.957000+00:00,Blues
Eric Lindell,Since June,radio / grouping,2019-07-08 18:12:25.148000+00:00,Blues
James Brown,I Got You (I Feel Good),radio / grouping,2019-07-08 18:13:56.647000+00:00,Pop
Aretha Franklin,Respect,radio / grouping,2019-07-08 18:16:40.235000+00:00,R&B/Soul
Chubby Checker,The Twist,radio / grouping,2019-07-08 18:19:08.379000+00:00,R&B/Soul
Four Tops,It's the Same Old Song,radio / grouping,2019-07-08 18:21:42.051000+00:00,R&B/Soul
The Everly Brothers,Cathy's Clown,radio / grouping,2019-07-08 18:24:56.624000+00:00,Pop
Little Richard,Tutti Frutti,radio / grouping,2019-07-08 18:27:20.633000+00:00,Rock
The Monkees,I'm a Believer,radio / grouping,2019-07-08 18:29:44.605000+00:00,Pop
New Order,Ceremony,for_you / music_reco_module / album_detail / album_detail / artist_detail,2019-07-08 21:25:47.911000+00:00,Pop
A$AP Ferg,"East Coast REMIX (feat. Busta Rhymes, A$AP Rocky, Dave East, French Montana, Rick Ross & Snoop Dogg)",search / artist_detail,2019-07-11 20:05:37.027000+00:00,Hip Hop/Rap
A$AP Mob,"Feels So Good (feat. A$AP Rocky, A$AP Ferg, A$AP Nast, A$AP Twelvyy & a$AP Ant)",search / artist_detail,2019-07-11 20:07:11.019000+00:00,Hip Hop/Rap
Adept,Black Veins,search / artist_detail,2019-07-11 20:11:41.356000+00:00,Rock
Current Flow,Photovoltaic,search,2019-07-11 20:12:43.487000+00:00,Dance
"Tommy Cash, Modeselektor",Who,search / artist_detail / artist_see_all,2019-07-15 14:08:18.390000+00:00,Electronica
a-ha,Take On Me,search / artist_detail,2019-07-15 16:11:11.428000+00:00,Pop
Метель,Оказалось,library / album_detail,2019-07-18 19:35:49.484000+00:00,Rock & Roll
WILLOW,Time Machine,search / album_detail,2019-07-19 10:30:32.522000+00:00,Alternative
Воплі Відоплясова,Пачка цигарок,for_you / music_reco_module / album_detail,2019-07-25 18:00:53.131000+00:00,Rock
The Kills,Future Starts Slow,for_you / music_reco_module / album_detail,2019-07-25 18:21:57.424000+00:00,Alternative
The Garden,Thy Mission (feat. Mac DeMarco),search / artist_detail,2019-08-08 06:55:36.872000+00:00,Alternative
Old Man Canyon,Phantoms and Friends,search / artist_detail,2019-08-08 13:24:39.337000+00:00,Alternative
Paloalto,베짱이 (feat. Car & the garden),library / artist_detail / artist_see_all,2019-08-12 07:50:37.610000+00:00,K-Pop
Scooter,How Much Is the Fish? (Remastered),search / artist_detail,2019-08-13 18:06:48.675000+00:00,Dance
Model Man,Clarity,for_you / music_reco_module / playlist_detail,2019-08-13 20:20:34.487000+00:00,Electronic
Four Tet,Dreamer,for_you / music_reco_module / playlist_detail,2019-08-13 20:30:47.695000+00:00,Electronic
Daphni,Sizzling (feat. Paradise),for_you / music_reco_module / playlist_detail,2019-08-13 20:34:10.347000+00:00,Electronic
Pissed Jeans,I'm Sick,for_you / music_reco_module / playlist_detail,2019-08-14 07:18:56.331000+00:00,Alternative
Frank Sinatra,Summer Wind,for_you / music_reco_module / playlist_detail,2019-08-16 14:49:21.211000+00:00,Jazz
Mel Tormé,Blue Moon,for_you / music_reco_module / playlist_detail,2019-08-16 14:49:24.544000+00:00,Jazz
KHJ,Mug Root Beer Advertisement,search,2019-08-16 15:41:13.026000+00:00,Soundtrack
The Village Callers,Hector,search / album_detail,2019-08-16 15:41:27.961000+00:00,Soundtrack
The Box Tops,Choo Choo Train,search / album_detail,2019-08-16 15:41:45.337000+00:00,Soundtrack
Robert Corff,Don't Chase Me Around,search / album_detail,2019-08-16 15:41:49.765000+00:00,Soundtrack
Paul Revere & The Raiders,"Mr. Sun, Mr. Moon (feat. Mark Lindsay)",search / album_detail,2019-08-16 15:43:49.508000+00:00,Soundtrack
José Feliciano,California Dreamin',search / album_detail,2019-08-16 15:44:13.546000+00:00,Soundtrack
Simon & Garfunkel,Mrs. Robinson,search / album_detail,2019-08-16 15:45:15.194000+00:00,Soundtrack
I Profumi di Capri,Numero Uno Cologne Advertisement,search / album_detail,2019-08-16 15:48:53.823000+00:00,Soundtrack
Los Bravos,Bring a Little Lovin',search / album_detail,2019-08-16 15:49:56.376000+00:00,Soundtrack
Harold E. Weed / Dana Classic Fragrances,Suddenly / Heaven Sent Advertisement,search / album_detail,2019-08-16 15:52:00.527000+00:00,Soundtrack
Syd Dale,The Illustrated Man Advertisement / Ready for Action,search / album_detail,2019-08-16 15:53:54.702000+00:00,Soundtrack
Dee Clark,Hey Little Girl,search / album_detail,2019-08-16 15:54:00.665000+00:00,Soundtrack
Coty Inc.,Summer Blonde Advertisement,search / album_detail,2019-08-16 15:56:15.758000+00:00,Soundtrack
Silverchair,Freak,for_you / music_reco_module / playlist_detail,2019-08-21 21:23:52.933000+00:00,Pop
алёна швец.,Мальчик из Питера,search,2019-08-27 12:43:35.701000+00:00,Alternative
МУККА,Девочка с каре,search,2019-08-27 12:45:32.359000+00:00,Alternative
Дидюля,Мираж,search / artist_detail,2019-08-27 13:39:21.274000+00:00,Instrumental
Rick Astley,Never Gonna Give You Up,search / playlist_detail,2019-08-27 13:40:23.047000+00:00,Pop
Земфира,Почему,search / playlist_detail,2019-09-02 07:02:34.386000+00:00,Singer/Songwriter
The Growlers,City Club,for_you / music_reco_module / album_detail,2019-09-03 07:51:23.006000+00:00,Alternative
Сосо Павлиашвили,Небо на ладони,search / artist_detail,2019-09-06 17:35:58.253000+00:00,Russian Chanson
The Buttertones,Dionysus,for_you / music_reco_module / album_detail,2019-09-09 16:33:14.136000+00:00,Rock
Surf Curse,I'm Not Making out With You,library / album_detail / album_detail,2019-09-10 15:42:54.029000+00:00,Rock
Puzzle,Girl,library / album_detail / album_detail,2019-09-12 16:43:39.259000+00:00,Alternative
Enjoy,I'm Content,library / album_detail / album_detail / album_detail,2019-09-12 17:50:43.557000+00:00,Alternative
Aphex Twin,Windowlicker,for_you / music_reco_module / playlist_detail,2019-09-24 18:51:01.218000+00:00,Electronic
Die Antwoord,Ugly Boy,search,2019-09-25 10:32:46.674000+00:00,Electronic
Жадан і собаки,За#бали (feat. Юрій Гуржи),search / artist_detail,2019-10-01 17:48:24.487000+00:00,Rock
"ТНМК, Мaco Слобожанський","Там, де ти тепер",search / artist_detail / artist_detail,2019-10-01 17:49:53.979000+00:00,Hip Hop/Rap
Брати Гадюкіни,Файне місто Тернопіль,search / artist_detail / artist_detail / artist_detail,2019-10-01 17:51:27.128000+00:00,Rock
источник,пу!,artist_detail / artist_detail / album_detail,2019-10-04 16:38:26.230000+00:00,Indie Rock
Blouse,Imperium,for_you / music_reco_module / album_detail,2019-10-17 06:57:18.690000+00:00,Alternative
Remo Drive,Yer Killin' Me,search / artist_detail,2019-10-17 08:17:36.099000+00:00,Alternative
"ØDYSSEE, Pabzzz",Bridges,search / playlist_detail,2019-10-23 07:58:13.910000+00:00,Hip Hop/Rap
.ihaveaface,On a Plane,search / playlist_detail,2019-10-23 08:00:59.784000+00:00,Lounge
eugenio izzi,Try To Taste,search / playlist_detail,2019-10-23 08:02:14.639000+00:00,Hip Hop/Rap
Deeb,Foregone,search / playlist_detail,2019-10-23 08:04:43.542000+00:00,Hip Hop/Rap
Remulak,In Dreams,search / playlist_detail,2019-10-23 08:07:23.652000+00:00,Hip Hop/Rap
M ̷O̷RTIS,If a Tree Falls,search / playlist_detail,2019-10-23 08:10:11.358000+00:00,Instrumental
"Pueblo Vista, H.1",Missing,search / playlist_detail,2019-10-23 08:11:53.215000+00:00,Lounge
Jazzinuf,Time and Again,search / playlist_detail,2019-10-23 08:13:57.530000+00:00,Hip Hop/Rap
"Louk, Glimlip, Elior",Peach,search / playlist_detail,2019-10-23 08:17:12.765000+00:00,Instrumental
Post Animal,Gelatin Mode,for_you / music_reco_module / album_detail,2019-10-24 20:39:33.014000+00:00,Rock
Интурист,Шёл бы ты отсюда,search / artist_detail / artist_detail,2019-10-24 20:40:25.296000+00:00,Alternative
ГШ,Без пятнадцати пять,search / artist_detail / artist_detail / artist_detail,2019-10-24 20:42:43.391000+00:00,Indie Rock
"ГШ, Александр Горчилин",Psycho Killer,search / artist_detail,2019-10-25 11:45:00.261000+00:00,Soundtrack
СОЮЗ,Партнёры по бизнесу (feat. Интурист),search / artist_detail / artist_detail / artist_detail / artist_detail,2019-10-25 18:38:50.364000+00:00,Alternative
No Vacation,Dræm Girl,for_you / music_reco_module / album_detail,2019-10-28 09:17:27.886000+00:00,Rock
Harlem,Someday Soon,for_you / music_reco_module / album_detail,2019-11-03 19:43:24.025000+00:00,Alternative
Yello,Oh Yeah,search / artist_detail,2019-11-05 17:42:05.876000+00:00,Electronic
Аквариум,Рок-н-ролл мёртв,for_you / music_reco_module / playlist_detail,2019-11-06 07:50:19.826000+00:00,Rock
"Татьяна Лазарева, Максим Леонидов, Андрей Макаревич",Тонкий шрам на любимой попе,for_you / artist_detail / artist_detail,2019-11-06 07:55:00.252000+00:00,Rock
Андрей Макаревич,Я смысл этой жизни вижу в том,for_you / artist_detail / artist_detail,2019-11-06 07:55:30.565000+00:00,Singer/Songwriter
БАНД’ЭРОС,Коламбия Пикчерз Не Представляет,search / artist_detail,2019-11-06 07:57:46.488000+00:00,Pop
Quest Pistols Show,Я твой наркотик,search / artist_detail / artist_detail,2019-11-06 08:06:19.699000+00:00,Pop
Glintshake,Quarter to Five,for_you / personalized_mix / playlist_detail,2019-11-06 08:20:17.252000+00:00,Rock
Peach Pit,Feelin' Low (F*ckboy Blues),for_you / personalized_mix / playlist_detail,2019-11-08 07:43:19.218000+00:00,Alternative
Спасибо,Супергерой,for_you / personalized_mix / playlist_detail,2019-11-08 07:43:31.447000+00:00,Alternative
Нонконформистка,Пальцы,for_you / personalized_mix / playlist_detail,2019-11-08 07:44:24.452000+00:00,Indie Pop
Frankie Cosmos,Young,for_you / music_reco_module / album_detail,2019-11-08 07:46:03.106000+00:00,Indie Pop
Thee Oh Sees,I Come From the Mountain,for_you / music_reco_module / album_detail,2019-11-08 07:46:25.662000+00:00,Alternative
The Mars Volta,The Widow,for_you / music_reco_module / album_detail,2019-11-08 07:47:44.631000+00:00,Rock
Гражданская Оборона,Всё идёт по плану,search / artist_detail,2019-11-10 20:54:01.250000+00:00,Alternative
POKAPRЁТ,Зоопарк,for_you / playlist_detail / album_detail,2019-11-10 21:06:01.302000+00:00,Rock
Комсомольск,Снаружи всех измерений,for_you / playlist_detail / album_detail,2019-11-10 21:06:12.764000+00:00,Rock
гречка,Всё идёт по плану,for_you / playlist_detail / album_detail,2019-11-10 21:07:13.215000+00:00,Rock
Ploho,Мы - лёд,for_you / playlist_detail / album_detail,2019-11-10 21:07:51.297000+00:00,Rock
My Morning Jacket,Knot Comes Loose,for_you / personalized_mix / playlist_detail,2019-11-11 08:06:18.091000+00:00,Alternative
Phantogram,"10,000 Claps",for_you / personalized_mix / playlist_detail,2019-11-11 08:10:20.529000+00:00,Alternative
МC Сенечка,Брейкбит,search / artist_detail / album_detail,2019-11-12 06:49:16.925000+00:00,Hip Hop/Rap
Хаски,Седьмое октября,artist_detail / artist_detail,2019-11-12 06:57:46.961000+00:00,Hip Hop/Rap
Забыл Повзрослеть,Анимеэтомультики,search / artist_detail,2019-11-14 09:23:07.745000+00:00,Rock
shit shit shit!,Полный провал,search / artist_detail / album_detail,2019-11-15 17:19:07.805000+00:00,Alternative
Один в каное,Пообіцяй мені,search / artist_detail,2019-11-17 16:15:44.707000+00:00,Pop
"The Raconteurs, Adele",Many Shades of Black,for_you / music_reco_module / album_detail / artist_detail,2019-11-21 15:33:25.640000+00:00,Pop
Nirvana,Lithium,search / artist_detail / artist_detail,2019-11-21 17:52:55.213000+00:00,Alternative
Kurt Vile,Loading Zones,for_you / music_reco_module / playlist_detail,2019-11-22 07:34:31.662000+00:00,Alternative
Ляпис Трубецкой,Зоопарк,search,2019-11-24 08:23:28.996000+00:00,Rock
BENEE,Supalonely (feat. Gus Dapperton),library / album_detail / artist_detail,2019-11-24 08:43:10.503000+00:00,Alternative
Янка,# Янка Лесбиянка,search / artist_detail / artist_detail / album_detail,2019-11-24 11:11:46.982000+00:00,Hip Hop/Rap
Mild High Club,Windowpane,for_you / music_reco_module / album_detail,2019-11-27 07:50:30.391000+00:00,Alternative
gal pal,Kitty Kill,for_you / music_reco_module / album_detail,2019-11-28 18:17:39.466000+00:00,Alternative
STRFKR,Girls Just Want to Have Fun,for_you / music_reco_module / album_detail / artist_detail,2019-11-28 18:20:21.571000+00:00,Alternative
Wham!,Last Christmas,search,2019-12-16 07:02:33.347000+00:00,Holiday
Дайте танк (!),Летние вечера,search / artist_detail / artist_see_all,2019-12-17 21:03:19.599000+00:00,Indie Pop
Ундервуд,God Save Digital Connection,for_you / music_reco_module / album_detail,2019-12-17 21:03:38.362000+00:00,Alternative
Pulp,Common People,for_you / music_reco_module / playlist_detail,2019-12-17 21:04:56.886000+00:00,Pop
The Pains of Being Pure At Heart,Young Adult Friction,for_you / music_reco_module / playlist_detail / artist_detail / playlist_detail,2019-12-17 21:17:26.568000+00:00,Alternative
LIVE,Lightning Crashes,library / album_detail / playlist_detail,2019-12-19 18:07:15.580000+00:00,Alternative
Roxette,Sleeping In My Car (Single Version),search,2019-12-23 07:34:08.960000+00:00,Pop
Ariel Pink's Haunted Graffiti,Round and Round,for_you / music_reco_module / playlist_detail,2019-12-25 15:13:34.429000+00:00,Alternative
Blood Orange,Dark & Handsome (feat. Toro y Moi),search / artist_detail,2019-12-25 15:24:46.828000+00:00,R&B/Soul
Bing Crosby,White Christmas,search,2019-12-25 15:38:58.219000+00:00,Christmas: Classic
Elvis Presley,Blue Christmas,search / playlist_detail,2019-12-25 15:47:55.073000+00:00,Christmas
Dean Martin,Let It Snow! Let It Snow! Let It Snow!,search / playlist_detail,2019-12-25 15:50:05.160000+00:00,Pop
Bruce Springsteen,Santa Claus Is Comin' to Town,search / playlist_detail,2019-12-25 15:52:02.664000+00:00,Holiday
Последняя Вечеринка,Танцую сам с собой,search / album_detail,2019-12-28 07:06:11.566000+00:00,Indie Rock
Mariah Carey,All I Want for Christmas Is You,for_you / recently_played / playlist_detail,2019-12-28 08:05:13.362000+00:00,Christmas: Pop
Bobby Helms,Jingle Bell Rock,for_you / recently_played / playlist_detail,2019-12-28 08:13:37.814000+00:00,Holiday
Brenda Lee,Rockin' Around the Christmas Tree,for_you / recently_played / playlist_detail,2019-12-28 08:15:48.786000+00:00,Country
Eartha Kitt,Santa Baby,for_you / recently_played / playlist_detail,2019-12-28 08:17:54.556000+00:00,Vocal
Michael Bublé,It's Beginning to Look a Lot like Christmas,for_you / recently_played / playlist_detail,2019-12-28 08:21:21.141000+00:00,Holiday
Andy Williams,It's the Most Wonderful Time of the Year,for_you / recently_played / playlist_detail,2019-12-28 08:25:40.629000+00:00,Holiday
"Nat ""King"" Cole",The Christmas Song (Alternate Take),for_you / recently_played / playlist_detail,2019-12-28 08:31:14.936000+00:00,Jazz
The Ronettes,Sleigh Ride,for_you / recently_played / playlist_detail,2019-12-28 08:34:31.083000+00:00,Holiday
Darlene Love,Christmas (Baby Please Come Home),for_you / recently_played / playlist_detail,2019-12-28 08:40:42.345000+00:00,Holiday
Paul McCartney,Wonderful Christmastime (Full Length Version),for_you / recently_played / playlist_detail,2019-12-28 08:52:07.426000+00:00,Rock
Jackson 5,I Saw Mommy Kissing Santa Claus,for_you / recently_played / playlist_detail,2019-12-28 08:56:25.609000+00:00,Holiday
Pentatonix,Hallelujah,for_you / recently_played / playlist_detail,2019-12-28 09:01:48.446000+00:00,Holiday
Perry Como,(There's No Place Like) Home for the Holidays,for_you / recently_played / playlist_detail,2019-12-28 10:12:28.677000+00:00,Holiday
Josh Groban,The First Noël (with Faith Hill),for_you / recently_played / playlist_detail,2019-12-28 10:15:23.916000+00:00,Holiday
Elmo & Patsy,Grandma Got Run Over By a Reindeer,for_you / recently_played / playlist_detail,2019-12-28 10:17:32.229000+00:00,Holiday
Helene Fischer,Rudolph The Red-Nosed Reindeer,for_you / recently_played / playlist_detail,2019-12-28 10:20:58.569000+00:00,German Pop
Gene Autry,Frosty the Snowman,for_you / recently_played / playlist_detail,2019-12-28 10:23:59.965000+00:00,Christmas
Run-DMC,Christmas In Hollis (Bonus Track),for_you / recently_played / playlist_detail,2019-12-28 10:28:30.350000+00:00,Hip Hop/Rap
The Waitresses,Christmas Wrapping,for_you / recently_played / playlist_detail,2019-12-28 10:31:28.888000+00:00,Pop
Pretenders,2000 Miles,for_you / recently_played / playlist_detail,2019-12-28 10:40:23.001000+00:00,Rock
Whitney Houston,Do You Hear What I Hear?,for_you / recently_played / playlist_detail,2019-12-28 10:46:31.767000+00:00,Pop
Panivalkova,Crazy Nikita,search / artist_detail,2020-01-02 10:14:54.875000+00:00,Pop
nobody.one,The Duck Song,search / artist_detail,2020-01-06 21:23:42.620000+00:00,Rock
Good Morning,You,for_you / music_reco_module / album_detail,2020-01-08 15:35:38.491000+00:00,Alternative
Khruangbin,Dern Kala,for_you / music_reco_module / playlist_detail,2020-01-15 11:40:15.310000+00:00,Alternative
Okkervil River,A Leaf,for_you / music_reco_module / playlist_detail,2020-01-15 11:51:49.941000+00:00,Alternative
Nick Cave & The Bad Seeds,Night Raid,for_you / music_reco_module / playlist_detail,2020-01-15 11:59:12.318000+00:00,Alternative
Holy Motors,Silently for Me,for_you / music_reco_module / playlist_detail,2020-01-15 12:09:08.959000+00:00,Alternative
Alex G,Crime,for_you / music_reco_module / playlist_detail,2020-01-15 12:19:09.068000+00:00,Alternative
Kevin Devine,Billion Bees,for_you / music_reco_module / playlist_detail,2020-01-15 12:23:08.126000+00:00,Alternative
Angel Olsen,Endgame,for_you / music_reco_module / playlist_detail,2020-01-15 13:02:38.301000+00:00,Alternative
Spacemen 3,Sometimes,for_you / music_reco_module / playlist_detail,2020-01-15 13:14:29.222000+00:00,Alternative
Nick Drake,Things Behind the Sun,for_you / music_reco_module / playlist_detail,2020-01-15 13:23:37.886000+00:00,Singer/Songwriter
Agnes Obel,Island of Doom,for_you / music_reco_module / playlist_detail,2020-01-15 13:27:32.462000+00:00,Alternative
Whitney,No Woman,search,2020-01-20 07:27:39.534000+00:00,Indie Rock
Michael Cera,Clay Pigeons,for_you / music_reco_module / album_detail,2020-01-20 07:46:40.542000+00:00,Alternative
Chromeo,Come Alive (feat. Toro y Moi),for_you / music_reco_module / playlist_detail,2020-01-20 08:09:58.020000+00:00,Dance
Bleachers,Rollercoaster,for_you / music_reco_module / album_detail,2020-01-20 17:32:33.556000+00:00,Alternative
Unknown Mortal Orchestra,Multi-Love,for_you / music_reco_module / album_detail,2020-01-20 17:38:04.688000+00:00,Alternative
Ariel Pink,Lipstick,for_you / music_reco_module / playlist_detail,2020-01-20 17:45:30.261000+00:00,Alternative
"Weyes Blood, Ariel Pink",Tears on Fire,for_you / music_reco_module / playlist_detail,2020-01-20 17:51:00.384000+00:00,Alternative
Drugdealer,Easy to Forget (feat. Ariel Pink),for_you / music_reco_module / playlist_detail,2020-01-20 17:51:33.545000+00:00,Alternative
John Maus,Hey Moon,for_you / music_reco_module / playlist_detail / artist_detail / artist_detail,2020-01-20 17:56:54.890000+00:00,Electronic
BROCKHAMPTON,NEW ORLEANS,for_you / music_reco_module / playlist_detail,2020-01-21 08:01:00.485000+00:00,Hip Hop/Rap
The Frights,Kids,for_you / music_reco_module / album_detail,2020-01-21 08:01:16.372000+00:00,Alternative
Cherry Glazerr,Call Me (feat. Portugal. The Man),for_you / music_reco_module / album_detail,2020-01-21 08:01:33.419000+00:00,Indie Rock
"Luka Rosi, Enjoy",To Nie Grzech,for_you / music_reco_module / album_detail,2020-01-21 20:04:01.981000+00:00,Dance
Frank Ocean,Thinkin Bout You,for_you / music_reco_module / playlist_detail,2020-01-24 08:06:48.833000+00:00,Pop
Snail Mail,Pristine,for_you / music_reco_module / album_detail,2020-01-24 08:21:31.992000+00:00,Alternative
The xx,On Hold,for_you / music_reco_module / album_detail / playlist_detail,2020-01-24 08:26:16.580000+00:00,Alternative
blink-182,Pin the Grenade,search / artist_detail / album_detail / playlist_detail,2020-01-24 08:29:16.081000+00:00,Rock
Doja Cat,Bottom Bitch,browse / album_detail,2020-01-25 15:13:58.065000+00:00,R&B/Soul
5яточка,Люк,search,2020-01-29 07:45:39.255000+00:00,Rock
Mount Kimbie,Blue Train Lines (feat. King Krule),search / artist_detail,2020-01-29 18:01:48.456000+00:00,Electronic
Billy Idol,Dancing With Myself,search,2020-01-30 16:30:48.104000+00:00,Rock
Generation X,Dancing with Myself,search,2020-01-30 16:33:03.367000+00:00,Rock
Siouxsie & The Banshees,Cities In Dust,search / artist_detail / artist_detail,2020-01-30 16:40:59.701000+00:00,Rock
GSPD,NFS Underground,for_you / music_reco_module / playlist_detail,2020-01-31 07:53:00.459000+00:00,Electronic
Alex Cameron,Candy May,for_you / music_reco_module / album_detail,2020-02-02 08:07:35.632000+00:00,Alternative
Rise Against,Good Left Undone,for_you / music_reco_module / playlist_detail,2020-02-02 08:16:27.930000+00:00,Rock
Bloc Party,Octopus,for_you / music_reco_module / playlist_detail,2020-02-02 08:21:58.294000+00:00,Alternative
Savages,City’s Full,for_you / recently_played / playlist_detail,2020-02-03 12:42:53.748000+00:00,Alternative
Factory Floor,Lying,for_you / recently_played / playlist_detail,2020-02-03 12:46:21.006000+00:00,Alternative
Editors,Bones,for_you / recently_played / playlist_detail,2020-02-03 12:59:49.246000+00:00,Alternative
The Rapture,Sister Saviour,for_you / recently_played / playlist_detail,2020-02-03 13:03:55.732000+00:00,Alternative
Mogwai,Remurdered,for_you / recently_played / playlist_detail,2020-02-03 13:07:40.091000+00:00,Alternative
Wavves,Daisy,for_you / music_reco_module / album_detail,2020-02-07 08:40:02.779000+00:00,Indie Rock
Ty Segall Band,Death,for_you / music_reco_module / album_detail / artist_detail / playlist_detail,2020-02-07 09:01:33.412000+00:00,Alternative
"White Fence, Ty Segall",I Am Not a Game,artist_detail / playlist_detail,2020-02-07 18:55:30.653000+00:00,Rock
"Ty Segall, Mikal Cronin",I Wear Black,artist_detail / playlist_detail,2020-02-07 19:02:19.985000+00:00,Alternative
King Gizzard & The Lizard Wizard,Bloody Ripper,artist_detail / playlist_detail,2020-02-07 19:13:59.196000+00:00,Alternative
Parquet Courts,Dust,artist_detail / playlist_detail,2020-02-07 19:14:22.856000+00:00,Alternative
Sheer Mag,Can't Stop Fighting,artist_detail / playlist_detail,2020-02-07 19:14:25.946000+00:00,Rock
Cloud Nothings,Things Are Right With You,artist_detail / playlist_detail,2020-02-07 19:14:29.540000+00:00,Alternative
Starcrawler,I Love LA,search,2020-02-07 19:14:55.334000+00:00,Alternative
Hawkwind,Master of the Universe,search / artist_detail / playlist_detail,2020-02-07 19:19:02.715000+00:00,Rock
Black Flag,Rise Above,search / artist_detail / playlist_detail,2020-02-07 19:20:26.927000+00:00,Punk
Black Sabbath,Into the Void (2009 Remastered Version),search / artist_detail / playlist_detail,2020-02-07 19:22:51.689000+00:00,Heavy Metal
The Stooges,Real Cool Time (Remastered),search / artist_detail / playlist_detail,2020-02-07 19:27:04.584000+00:00,Rock
Ramones,Commando (Remastered),search / artist_detail / playlist_detail,2020-02-07 19:27:08.276000+00:00,Rock
Big Black,Colombian Necktie,search / artist_detail / playlist_detail,2020-02-07 19:29:01.895000+00:00,Alternative
ФлайzZza,То моє море,search,2020-02-09 18:23:56.831000+00:00,Hip Hop/Rap
"The Faino, Aqua Vita",А тепер усе інакше,search / artist_detail,2020-02-10 17:05:16.509000+00:00,Pop
Fazerdaze,Treading Lightly,for_you / music_reco_module / album_detail,2020-02-13 17:49:20.417000+00:00,Indie Rock
Hovvdy,Better,for_you / music_reco_module / album_detail,2020-02-13 19:07:09.382000+00:00,Indie Rock
The Subways,Rock & Roll Queen,search,2020-02-18 18:07:18.053000+00:00,Alternative
Пошлая Молли,Самый лучший эмо панк,search / artist_detail / album_detail,2020-02-19 10:17:42.011000+00:00,Alternative
"источник, Увула",новый твой,search / artist_detail,2020-02-19 14:56:57.892000+00:00,Indie Rock
Vacations,Moving Out,for_you / music_reco_module / album_detail / artist_detail,2020-02-21 08:20:58.763000+00:00,Alternative
Океан Ельзи,Без тебе,search / artist_detail / artist_see_all,2020-03-01 15:08:02.405000+00:00,Rock
Neinzer,Deff,search / playlist_detail,2020-03-02 08:10:59.956000+00:00,Techno
kangding ray,22 Halo,search / playlist_detail,2020-03-02 08:11:35.932000+00:00,Electronic
Conforce,Aphelion,search / playlist_detail,2020-03-02 08:19:09.107000+00:00,Electronic
Special Request,Vortex 135,search / playlist_detail,2020-03-02 08:25:57.938000+00:00,Electronic
Terence Fixmer,Always Through,search / playlist_detail,2020-03-02 08:30:59.982000+00:00,Electronic
Anja Schneider,Funk That,search / playlist_detail,2020-03-02 08:54:29.453000+00:00,Electronic
"The Juan MacLean, MAN POWER, Juan Power",Excuse Me Daddy (DJ Tennis Edit),search / playlist_detail,2020-03-02 10:04:03.758000+00:00,Electronic
Fort Romeau,"DADA, Pt. 1",search / playlist_detail,2020-03-02 10:10:45.842000+00:00,Electronic
Vince Watson,First Wave,search / playlist_detail,2020-03-02 10:17:28.788000+00:00,Dance
Radio Slave,Ground Control,search / playlist_detail,2020-03-02 10:23:13.890000+00:00,Techno
Ryan Elliott,Paul's Horizon,search / playlist_detail,2020-03-02 11:00:59.166000+00:00,Electronic
Ryan James Ford,Face Me,search / playlist_detail,2020-03-02 11:07:11.002000+00:00,Dance
Hiver,Pert,search / playlist_detail,2020-03-02 11:12:29.252000+00:00,Electronic
Hunter/Game,Silver,search / playlist_detail,2020-03-02 11:19:31.666000+00:00,Electronic
Aril Brikha,Pattern Recognition,search / playlist_detail,2020-03-02 11:34:00.964000+00:00,Electronic
Paula Temple,Raging Earth,search / playlist_detail,2020-03-02 11:43:17.695000+00:00,Techno
"CamelPhat, Alan Fitzpatrick",Kona,search / playlist_detail,2020-03-02 11:52:13.345000+00:00,Electronic
Fadi Mohem,CX Sketch,search / playlist_detail,2020-03-02 15:47:30.425000+00:00,Electronic
Jimi Jules,Karma Baby,search / playlist_detail,2020-03-02 15:53:44.035000+00:00,Electronic
Renart,Astral Pilgrimage,search / playlist_detail,2020-03-02 16:00:36.485000+00:00,Techno
Carrot Green,Kin Sharuba,search / playlist_detail,2020-03-02 16:06:38.554000+00:00,Electronic
Tom Demac,Seventh Sign,search / playlist_detail,2020-03-02 16:12:41.719000+00:00,Electronic
Johannes Volk,Awareness,search / playlist_detail,2020-03-02 16:19:11.830000+00:00,Techno
Davis,Different Angle,search / playlist_detail,2020-03-02 16:26:14.736000+00:00,Electronic
Clarian,Time Safari,search / playlist_detail,2020-03-02 16:34:12.424000+00:00,Electronic
Leonardo,Gentle,search / playlist_detail,2020-03-02 16:40:12.414000+00:00,Techno
Marie Davidson,Lara,search / playlist_detail,2020-03-02 16:48:42.052000+00:00,Electronic
Sasha,Singularity,search / playlist_detail,2020-03-02 16:56:46.358000+00:00,Techno
Denis Horvat,Cirkulate,search / playlist_detail,2020-03-02 17:05:47.014000+00:00,Techno
David Mayer,Facts Matter,search / playlist_detail,2020-03-02 17:14:21.130000+00:00,Electronic
Raxon,The Ancient,search / playlist_detail,2020-03-02 17:17:17.470000+00:00,Electronic
Robert Hood,Minus,search / playlist_detail,2020-03-02 17:24:31.149000+00:00,Electronic
Alan Fitzpatrick,Eleven Eleven,search / playlist_detail,2020-03-02 17:29:53.762000+00:00,Techno
Pickin' On Series,I Cut Like a Buffalo,search,2020-03-06 08:03:15.938000+00:00,Rock
Mild Orange,Some Feeling,search / artist_detail,2020-03-10 10:51:28.907000+00:00,Alternative
Speedy Ortiz,Bloodkeeper,for_you / music_reco_module / album_detail,2020-03-12 21:18:06.533000+00:00,Alternative
Beyoncé,Don't Hurt Yourself (feat. Jack White),for_you / music_reco_module / album_detail / album_detail / artist_detail / artist_detail,2020-03-12 21:32:12.860000+00:00,Pop
ШАРЫ,Завтра понедельник,search / artist_detail,2020-03-14 15:20:32.219000+00:00,Alternative
"Leon Bridges, Khruangbin",Texas Sun,search / artist_detail,2020-03-21 16:01:11.412000+00:00,Indie Rock
Maribou State,Feel Good (feat. Khruangbin),search / artist_detail,2020-03-21 16:05:23.868000+00:00,Electronic
The Notorious B.I.G.,Ready to Die (Bridgeport Sample Removed),search,2020-04-12 06:32:08.707000+00:00,Hip Hop/Rap
LL Cool J,"4,3,2,1 (feat. Method Man, Redman & DMX)",search,2020-04-12 07:45:09.097000+00:00,Hip Hop/Rap
"Lil Pump, Kanye West",I Love It,search / artist_detail,2020-04-12 07:45:58.133000+00:00,Hip Hop/Rap
"Rihanna, Kanye West, JAY-Z",Run This Town (feat. Kanye West & Rihanna),search / artist_detail,2020-04-12 07:46:01.780000+00:00,Hip Hop/Rap
"Alan Walker, A$AP Rocky",Live Fast,search / artist_detail / artist_detail / artist_see_all,2020-04-12 08:08:58.066000+00:00,Hip Hop/Rap
"SZA, Kendrick Lamar",All The Stars,search / artist_detail / artist_detail / artist_detail,2020-04-12 08:12:34.041000+00:00,Hip Hop/Rap
"Kendrick Lamar, Jay Rock, James Blake, Future",King's Dead,search / artist_detail / artist_detail / artist_detail,2020-04-12 08:16:26.725000+00:00,Hip Hop/Rap
21 Savage,Bank Account,search / artist_detail,2020-04-12 08:25:26.121000+00:00,Hip Hop/Rap
"Offset, Metro Boomin, 21 Savage",Ghostface Killers (feat. Travis Scott),search / artist_detail,2020-04-12 08:30:16.852000+00:00,Hip Hop/Rap
"Metro Boomin, 21 Savage",X (feat. Future),search / artist_detail,2020-04-12 08:34:45.662000+00:00,Rap
Антоха МС,Время ток,for_you / music_reco_module / playlist_detail,2020-04-22 17:23:15.446000+00:00,Dance
ЛАУД,Небеса (feat. Cream Soda & Антоха МС),for_you / music_reco_module / playlist_detail,2020-04-22 17:28:10.952000+00:00,House
Spice Girls,Wannabe (Radio Edit),search / artist_detail,2020-04-25 14:40:44.785000+00:00,Pop
Massive Attack,Paradise Circus,search / artist_detail,2020-05-01 16:56:14.326000+00:00,Electronic
Remember Sports,Where Are You,browse / album_detail,2020-05-04 14:38:28.795000+00:00,Alternative
Dent May,Welcome,for_you / music_reco_module / album_detail,2020-05-06 15:11:42.939000+00:00,Alternative
Pitbull,3 to Tango,search,2020-06-16 19:04:58.234000+00:00,Pop
Hot Glue,The City,for_you / music_reco_module / album_detail,2020-06-22 15:38:42.590000+00:00,Alternative
Odd Future,"Rella (feat. Hodgy Beats, Domo Genesis & Tyler, The Creator)",library / artist_detail / playlist_detail,2020-07-14 16:24:36.293000+00:00,Hip Hop/Rap
Yellow Days,The Way Things Change,search / artist_detail,2020-07-15 05:11:04.430000+00:00,R&B/Soul
Несогласие,Давай купим кагор,for_you / recently_played / album_detail / playlist_detail,2020-07-16 11:57:35.745000+00:00,Indie Rock
Бумажные города,Краш / Мудак,for_you / recently_played / album_detail / playlist_detail,2020-07-16 12:02:40.609000+00:00,Pop
Jack Harlow,WHATS POPPIN,radio / grouping,2020-07-19 14:08:19.463000+00:00,Hip Hop/Rap
YoungBoy Never Broke Again,Hot Now,radio / grouping,2020-07-19 14:08:22.027000+00:00,Hip Hop/Rap
Lil Mosey,Blueberry Faygo,radio / grouping,2020-07-19 14:12:54.501000+00:00,Hip Hop/Rap
DaBaby,Baby Sitter (feat. Offset),radio / grouping,2020-07-19 14:15:39.479000+00:00,Hip Hop/Rap
Lil Wayne,I Do It (feat. Big Sean & Lil Baby),radio / grouping,2020-07-19 14:18:17.706000+00:00,Hip Hop/Rap
J. Cole,MIDDLE CHILD,radio / grouping,2020-07-19 14:21:21.770000+00:00,Hip Hop/Rap
Roddy Ricch,High Fashion (feat. Mustard),radio / grouping,2020-07-19 14:24:55.175000+00:00,Hip Hop/Rap
Drake,Money In The Grave (feat. Rick Ross),radio / grouping,2020-07-19 14:28:35.735000+00:00,Hip Hop/Rap
Don Toliver,After Party,radio / grouping,2020-07-19 14:32:01.060000+00:00,Hip Hop/Rap
Baby Keem,ORANGE SODA,radio / grouping,2020-07-19 14:34:48.941000+00:00,Hip-Hop
Rod Wave,Heart on Ice (Remix),radio / grouping,2020-07-19 14:39:54.968000+00:00,Hip Hop/Rap
Toosii,Truth Be Told,radio / grouping,2020-07-19 14:43:09.701000+00:00,Hip Hop/Rap
Young Thug,Diamonds (feat. Gunna),radio / grouping,2020-07-19 14:45:50.905000+00:00,Hip Hop/Rap
Nicki Minaj,Yikes,radio / grouping,2020-07-19 14:49:21.680000+00:00,Hip Hop/Rap
Young T & Bugsey,Don't Rush (feat. Headie One),radio / grouping,2020-07-19 14:51:59.554000+00:00,Hip Hop/Rap
Trippie Redd,Mac 10 (feat. Lil Baby & Lil Duke),radio / grouping,2020-07-19 14:55:28.167000+00:00,Hip Hop/Rap
Flipp Dinero,How I Move (feat. Lil Baby),radio / grouping,2020-07-19 14:57:34.080000+00:00,Hip Hop/Rap
Pop Smoke,Shake the Room (feat. Quavo),radio / grouping,2020-07-19 15:09:27.062000+00:00,Hip Hop/Rap
Polo G,Pop Out (feat. Lil Tjay),radio / grouping,2020-07-19 15:18:09.023000+00:00,Hip Hop/Rap
"Travis Scott, JACKBOYS",OUT WEST (feat. Young Thug),radio / grouping,2020-07-19 15:29:35.188000+00:00,Hip Hop/Rap
"Quality Control, Lil Baby, DaBaby",Baby,radio / grouping,2020-07-19 16:48:14.518000+00:00,Hip Hop/Rap
Qveen Herby,Vitamins,search / artist_detail,2020-07-21 17:03:13.842000+00:00,R&B/Soul
LATEXFAUNA,Kosmos,search / artist_detail,2020-07-21 17:14:12.535000+00:00,Pop
The Hatters,No Rules,search / artist_detail,2020-07-21 17:25:34.564000+00:00,Folk-Rock
"Little Big, Руки Вверх",Слэмятся пацаны,search,2020-07-21 17:37:30.846000+00:00,Pop
"YoungBoy Never Broke Again, Juice WRLD",Bandit,for_you / recently_played,2020-07-21 18:12:59.261000+00:00,Hip Hop/Rap
"Roddy Ricch, Mustard",Ballin’,for_you / recently_played,2020-07-21 18:16:07.135000+00:00,Hip Hop/Rap
Jet,Are You Gonna Be My Girl,search / artist_detail,2020-08-03 20:13:11.343000+00:00,Rock
Cheap Girls,Cored to Empty,for_you / music_reco_module / album_detail,2020-08-19 15:25:49.627000+00:00,Rock
Reptaliens,Olive Boy,for_you / music_reco_module / album_detail,2020-08-21 17:20:06.806000+00:00,Indie Rock
Cowgirl Clue,Cherry Jubilee,for_you / recently_played / album_detail / artist_detail / artist_detail,2020-08-21 17:33:45.728000+00:00,Pop
"Whatever, Dad",Warsh_Tippy and Zelda,for_you / music_reco_module / album_detail,2020-08-24 17:08:06.547000+00:00,Indie Rock
Захар Май,Нахуй!,search / artist_detail,2020-08-24 17:21:01.250000+00:00,Pop
Jay Electronica,A.P.I.D.T.A.,library / playlist_detail,2020-08-25 07:12:37.554000+00:00,Hip Hop/Rap
The Clash,Should I Stay or Should I Go,search / playlist_detail,2020-08-26 15:25:40.365000+00:00,Punk
Wang Chung,Everybody Have Fun Tonight,search / playlist_detail,2020-08-26 15:25:58.504000+00:00,Soundtrack
Esthetic Education,Machine,for_you / music_reco_module / album_detail,2020-08-29 13:20:14.393000+00:00,Rock
D12,Shit on You (feat. Eminem),search,2020-08-30 17:07:02.579000+00:00,Hip Hop/Rap
Talking Heads,Memories Can't Wait,for_you / recently_played / album_detail / artist_detail / playlist_detail,2020-08-30 18:13:44.808000+00:00,Rock
Pixies,Gouge Away,for_you / recently_played / album_detail / artist_detail / playlist_detail,2020-08-30 18:13:49.466000+00:00,Alternative
Ride,Like a Daydream,for_you / recently_played / album_detail / artist_detail / playlist_detail,2020-08-30 18:13:57.486000+00:00,Rock
The Beatles,Sexy Sadie,for_you / recently_played / album_detail / artist_detail / playlist_detail,2020-08-30 18:14:10.350000+00:00,Rock
R.E.M.,Finest Worksong,for_you / recently_played / album_detail / artist_detail / playlist_detail,2020-08-30 18:18:38.911000+00:00,Alternative
David Bowie,Ashes To Ashes (Single Version) [2014 Remastered Version],for_you / recently_played / album_detail / artist_detail / playlist_detail,2020-08-30 18:18:44.351000+00:00,Pop
DJ Shadow,Six Days,for_you / recently_played / album_detail / artist_detail / playlist_detail,2020-08-30 18:20:38.635000+00:00,Electronic
U2,The Unforgettable Fire,for_you / recently_played / album_detail / artist_detail / playlist_detail,2020-08-30 18:20:46.910000+00:00,Rock
"Moritz von Oswald, Juan Atkins",Electric Garden,search / album_detail,2020-08-31 07:09:26.784000+00:00,Electronic
Cybotron,Clear,search / album_detail / artist_detail / album_detail / playlist_detail,2020-08-31 07:38:42.805000+00:00,Dance
Juan Atkins,The Mission,search / album_detail / artist_detail / album_detail / playlist_detail,2020-08-31 07:41:09.103000+00:00,Pop
The Egyptian Lover,Future Tech (feat. Juan Atkins),search / album_detail / artist_detail / album_detail / playlist_detail,2020-08-31 07:42:32.804000+00:00,Electronic
Mick Jagger,God Gave Me Everything,search / artist_detail / artist_detail,2020-08-31 10:44:55.616000+00:00,Rock
"The Jacksons, Mick Jagger, Michael Jackson",Beat It / State of Shock,search / artist_detail / playlist_detail,2020-08-31 13:41:35.018000+00:00,Pop
"Mick Jagger, David Bowie",Dancing In the Street,search / artist_detail / playlist_detail,2020-08-31 13:41:36.534000+00:00,Rock
Queen,Under Pressure (feat. David Bowie),search / artist_detail / playlist_detail / artist_detail,2020-08-31 13:42:12.909000+00:00,Soundtrack
The Velvet Underground,White Light/White Heat,search / artist_detail / playlist_detail,2020-08-31 13:49:34.761000+00:00,Rock
"Juan Atkins, Infiniti",Think Quick,for_you / recently_played / playlist_detail,2020-09-01 10:18:51.078000+00:00,Electronic
"Juan Atkins, Frequency",Industrial Metal,for_you / recently_played / playlist_detail,2020-09-01 11:11:43.028000+00:00,Trance
"Mick Jagger, Dave Stewart",Old Habits Die Hard,for_you / recently_played / playlist_detail,2020-09-01 11:35:17.425000+00:00,Soundtrack
Слава КПСС,"Плохие белые (feat. Ленина Пакет, Саша Скул & СД)",search / artist_detail,2020-09-02 11:06:15.876000+00:00,Hip Hop/Rap
Dire Straits,Sultans of Swing,for_you / playlist_detail / album_detail / playlist_detail,2020-09-03 07:57:25.637000+00:00,Rock
"Queen, David Bowie",Under Pressure,search / artist_detail,2020-09-03 14:10:11.468000+00:00,Rock
Bob Dylan,A Hard Rain's A-Gonna Fall,search / artist_detail / playlist_detail,2020-09-03 15:54:43.609000+00:00,Rock
Iggy Pop,Lust For Life,search / artist_detail,2020-09-03 19:01:59.136000+00:00,Rock
"Jarvis Cocker, Iggy Pop",Red Right Hand,search / artist_detail,2020-09-03 19:09:06.030000+00:00,Alternative
Iggy & The Stooges,I Got a Right,search / artist_detail / playlist_detail,2020-09-03 19:16:40.700000+00:00,Rock
СУПЕРКОЗЛЫ,Я трахнул дочь мента,for_you / music_reco_module / album_detail,2020-09-04 13:14:18.416000+00:00,Punk
Grimes,Genesis,for_you / recently_played / playlist_detail,2020-09-04 16:20:08.167000+00:00,Electronic
Yaeji,Raingurl,for_you / recently_played / playlist_detail,2020-09-04 16:24:23.330000+00:00,Electronic
Disclosure,Latch (feat. Sam Smith),for_you / recently_played / playlist_detail,2020-09-04 16:28:20.621000+00:00,Electronic
ODESZA,Sun Models (feat. Madelyn Grant),for_you / recently_played / playlist_detail,2020-09-04 16:32:37.614000+00:00,Electronic
Ashnikko,Cry (feat. Grimes),for_you / playlist_detail / artist_detail,2020-09-04 16:34:19.424000+00:00,Pop
BADBADNOTGOOD,Goodbye Blue (feat. Jonah Yano),for_you / music_reco_module / playlist_detail,2020-09-08 09:53:57.984000+00:00,Jazz
Matt Maltese,Rom-Com Gone Wrong,for_you / music_reco_module / album_detail,2020-09-08 17:24:11.068000+00:00,Alternative
beabadoobee,1999,for_you / music_reco_module / album_detail,2020-09-09 07:26:01.065000+00:00,Alternative
"Увула, Пасош",Искать себя,search,2020-09-13 14:37:19.731000+00:00,Rock
Noel Gallagher's High Flying Birds,In The Heat Of The Moment,search / artist_detail,2020-09-13 18:00:02.451000+00:00,Adult Alternative
The Police,Every Breath You Take,search / artist_detail,2020-09-15 07:20:38.145000+00:00,Rock
Joji,Pretty Boy (feat. Lil Yachty),search / artist_detail / album_detail,2020-09-28 09:39:23.332000+00:00,Alternative
"Joji, BENEE",Afterthought,search / artist_detail / album_detail,2020-09-28 09:44:46.726000+00:00,Alternative
"Joji, Diplo",Daylight,search / artist_detail / album_detail,2020-09-28 10:01:28.177000+00:00,Alternative
Aerosmith,Walk This Way,for_you / music_reco_module / playlist_detail,2020-09-28 16:20:29.238000+00:00,Hard Rock
Heart,Barracuda,for_you / music_reco_module / playlist_detail,2020-09-28 16:27:26.896000+00:00,Rock
Van Halen,Hot for Teacher,for_you / music_reco_module / playlist_detail,2020-09-28 16:28:15.047000+00:00,Hard Rock
25/17,Поколения (feat. HASH TAG & Хаски),search / album_detail / artist_detail / artist_see_all,2020-09-28 19:26:42.117000+00:00,Alternative Rap
Playboi Carti,Lean 4 Real (feat. Skepta),search / artist_detail,2020-09-29 17:37:24.575000+00:00,Hip Hop/Rap
Skepta,Shutdown,search / artist_detail / album_detail,2020-09-29 17:37:33.601000+00:00,Hip Hop/Rap
Slaves,Where's Your Car Debbie?,search / artist_detail / playlist_detail,2020-09-29 17:39:15.276000+00:00,Alternative
Obongjayar,Adjacent Heart,search / artist_detail,2020-09-29 17:45:02.200000+00:00,Hip Hop/Rap
"Slaves, Mike D.",Consume Or Be Consumed,search / artist_detail / artist_see_all,2020-09-29 18:12:35.852000+00:00,Rock
"Slaves, Baxter Dury",Steer Clear,search / artist_detail / artist_see_all,2020-09-29 18:12:38.726000+00:00,Rock
Eric Burdon,When I Was Young,for_you / music_reco_module / playlist_detail,2020-10-03 18:38:22.837000+00:00,Pop
Jefferson Airplane,Somebody to Love,for_you / music_reco_module / playlist_detail,2020-10-03 18:39:15.094000+00:00,Rock
Buffalo Springfield,For What It's Worth,for_you / music_reco_module / playlist_detail,2020-10-03 18:48:15.537000+00:00,Rock
Traffic,Withering Tree,for_you / music_reco_module / album_detail,2020-10-05 19:38:52.677000+00:00,Rock
Научно-технический Рэп,Папа может в си,search / artist_detail,2020-10-11 11:31:41.243000+00:00,Hip Hop/Rap
Deep Purple,Fireball,for_you / music_reco_module / playlist_detail,2020-10-11 11:54:20.243000+00:00,Hard Rock
Santana,Everybody's Everything,for_you / music_reco_module / playlist_detail,2020-10-11 11:54:50.435000+00:00,Rock
"YG, Tyga, Santana",MAMACITA,for_you / playlist_detail / artist_detail,2020-10-11 11:55:01.380000+00:00,Hip Hop/Rap
Procol Harum,A Whiter Shade of Pale,for_you,2020-10-14 13:46:41.750000+00:00,Oldies
Love,Alone Again Or (2015 Remastered Version),for_you,2020-10-14 14:06:12.504000+00:00,Rock
The Beach Boys,Heroes and Villains,for_you,2020-10-14 14:09:29.761000+00:00,Rock
Van Morrison,Brown Eyed Girl,for_you,2020-10-14 14:15:15.264000+00:00,Rock
Moby Grape,Omaha,for_you,2020-10-14 14:26:34.773000+00:00,Rock
Strawberry Alarm Clock,Incense and Peppermint,for_you,2020-10-14 14:31:51.774000+00:00,Rock
The Blues Magoos,(We Ain't Got) Nothin' Yet,for_you,2020-10-14 14:34:42.615000+00:00,Rock
Vanilla Fudge,You Keep Me Hangin' On,for_you,2020-10-14 14:40:16.278000+00:00,Rock
The Electric Prunes,I Had Too Much to Dream (Last Night),for_you / recently_played / playlist_detail,2020-10-15 07:17:21.968000+00:00,Rock
"Janis Joplin, Big Brother & The Holding Company",Down On Me,for_you / recently_played / playlist_detail,2020-10-15 07:23:24.410000+00:00,Rock
"The Amboy Dukes, Ted Nugent",Baby Please Don't Go,for_you / recently_played / playlist_detail,2020-10-15 07:24:20.152000+00:00,Rock
Human Beinz,Nobody but Me,for_you,2020-10-15 10:53:43.993000+00:00,Rock
Country Joe & The Fish,Not So Sweet Martha Lorraine,for_you,2020-10-15 10:53:43.993000+00:00,Rock
Eric Burdon & The Animals,Monterey,for_you,2020-10-15 10:53:46.259000+00:00,Rock
The Grass Roots,Let's Live For Today,for_you,2020-10-15 10:58:27.759000+00:00,Rock
Пирятин,Арта,search,2020-10-15 18:04:31.455000+00:00,Rock
ДахаБраха,Монах,search / artist_detail,2020-10-15 18:09:33.656000+00:00,World
"Тарас Чубай, Плач Єремії",Вона,search,2020-10-15 18:26:41.631000+00:00,Singer/Songwriter
JILLZAY,"Бар ""2 лесбухи"" (feat. Magg '98, Cheenah, Benz, Скриптонит, 104, Truwer & Kolyaolya)",search,2020-10-15 18:30:04.105000+00:00,Hip Hop/Rap
Gruppa Skryptonite,Podruga,search,2020-10-15 18:34:06.588000+00:00,Alternative
Болат Нуримов,Зын Зын,search,2020-10-15 18:35:41.714000+00:00,Dance
alyona alyona,Мамо,search / artist_detail / artist_see_all,2020-10-15 18:47:17.179000+00:00,Hip Hop/Rap
Хамерман Знищує Віруси,Блять,search / artist_detail / artist_see_all,2020-10-15 18:54:55.311000+00:00,Electronica
Basta,"Сансара (feat. Диана Арбенина, Александр Ф. Скляр, Сергей Бобунец, Sunsay, Скриптонит & Ант)",search / artist_detail / artist_see_all,2020-10-15 18:56:46.960000+00:00,Hip Hop/Rap
Скриптонит,"Мультибрендовый (feat. 104, T-Fest & Niman)",search / artist_detail / artist_see_all,2020-10-15 18:58:03.858000+00:00,Hip Hop/Rap
104,В аду сегодня жарко (feat. Dose & Скриптонит),search / artist_detail / artist_see_all,2020-10-15 19:00:29.128000+00:00,Hip Hop/Rap
Гуф,Ice Baby,search / artist_detail / artist_see_all,2020-10-15 19:02:02.616000+00:00,Hip Hop/Rap
Noize MC,Выдыхай,search / artist_detail / artist_see_all,2020-10-15 19:03:02.012000+00:00,Hip Hop/Rap
Сметана Band,Месячные,search / artist_detail / artist_see_all,2020-10-15 19:08:34.566000+00:00,Rock
Дурной Вкус,Пластинки,search,2020-10-15 19:10:09.735000+00:00,Alternative
Neil Young,Southern Man,for_you / music_reco_module / playlist_detail,2020-10-16 11:30:13.426000+00:00,Rock
Stephen Stills,Love the One You're With,for_you / music_reco_module / playlist_detail,2020-10-16 11:35:44.384000+00:00,Rock
"Crosby, Stills, Nash & Young",Woodstock,for_you / recently_played / playlist_detail,2020-10-16 16:17:54.368000+00:00,Rock
Mountain,Mississippi Queen,for_you / recently_played / playlist_detail,2020-10-16 16:21:56.063000+00:00,Rock
Sugarloaf,Green-Eyed Lady,for_you / recently_played / playlist_detail,2020-10-16 16:24:27.158000+00:00,Rock
The Guess Who,American Woman,for_you / recently_played / playlist_detail,2020-10-18 11:46:12.079000+00:00,Rock
"Crosby, Stills & Nash",Suite: Judy Blue Eyes,for_you / music_reco_module / playlist_detail,2020-10-21 16:55:56.107000+00:00,Rock
Oberhofer,I Could Go,search / artist_detail,2020-11-10 08:13:33.119000+00:00,Alternative
The Allman Brothers Band,Firing Line,listen_now,2020-11-10 08:31:43.573000+00:00,Jam Bands
Moloko,The Time Is Now,search / artist_detail / artist_detail / playlist_detail,2020-11-11 11:24:39.630000+00:00,Pop
Róisín Murphy,Orally Fixated,now_playing,2020-11-11 11:25:06.058000+00:00,Electronic
Stefano TT,6AM on Acid,search / curator_detail / playlist_detail,2020-11-12 07:04:12.792000+00:00,Electronic
Benki,Ascend,search / curator_detail / playlist_detail,2020-11-12 07:04:19.411000+00:00,Dance
Bass Drum Of Death,I Wanna Be Forgotten,listen_now / album_detail,2020-11-12 08:37:47.183000+00:00,Punk
Dorian Electra,"F the World (feat. The Garden, Quay Dash & d0llywood1)",listen_now / artist_detail / artist_see_all,2020-11-12 08:49:11.544000+00:00,Pop
Burl Ives,A Holly Jolly Christmas,browse,2020-11-23 10:23:19.812000+00:00,Holiday
Kelly Clarkson,Underneath the Tree,browse,2020-11-23 10:49:01.370000+00:00,Pop
Eagles,Please Come Home for Christmas,browse,2020-11-23 11:01:20.109000+00:00,Holiday
Chuck Berry,Run Rudolph Run,browse,2020-11-23 11:04:18.636000+00:00,Holiday
Doris Day,Here Comes Santa Claus (Down Santa Claus Lane),browse,2020-11-23 11:18:24.144000+00:00,Holiday
Judy Garland,Have Yourself A Merry Little Christmas,browse,2020-11-23 11:37:11.207000+00:00,Pop
Thurl Ravenscroft,You're a Mean One Mr. Grinch,browse,2020-11-23 11:39:59.583000+00:00,Christmas
Donny Hathaway,This Christmas,browse,2020-11-23 11:42:55.758000+00:00,R&B/Soul
"The Andrews Sisters, Bing Crosby",Mele Kalikimaka,browse,2020-11-23 11:46:46.736000+00:00,Vocal
Tony Bennett,Silver Bells,browse,2020-11-23 11:51:55.245000+00:00,Holiday
Stevie Wonder,Someday at Christmas,browse,2020-11-23 11:58:13.053000+00:00,Holiday
Kacey Musgraves,Rudolph the Red-Nosed Reindeer,browse,2020-11-23 12:05:31.893000+00:00,Holiday
"Yoko Ono, The Plastic Ono Band, John Lennon",Happy Xmas (War Is Over) [feat. The Harlem Community Choir],browse,2020-11-23 12:11:32.513000+00:00,Rock
Vince Guaraldi Trio,Christmas Time Is Here,browse,2020-11-23 12:14:56.361000+00:00,Christmas
Band Aid,Do They Know It's Christmas?,browse,2020-11-23 12:17:42.128000+00:00,Holiday
John Legend,"Baby, It's Cold Outside (feat. Kelly Clarkson)",browse,2020-11-23 13:46:54.405000+00:00,Christmas: R&B
Cayucas,High School Lover,browse / album_detail,2020-11-26 17:54:26.894000+00:00,Alternative
BRONCHO,Class Historian,search / artist_detail,2020-11-26 18:18:25.066000+00:00,Alternative
Песняры,Зачарованная Моя,listen_now / album_detail,2020-12-06 14:25:30.323000+00:00,World
Brilliantes del Vuelo,I Know That,for_you,2020-12-08 14:47:06.742000+00:00,World
Archy Marshall,Ammi Ammi (feat. Jamie Isaac),listen_now / album_detail,2020-12-10 21:15:26.201000+00:00,Alternative
"Myd, Mac DeMarco",Moving Men,browse,2020-12-14 19:52:52.017000+00:00,Electronica
Japanese Breakfast,Everybody Wants to Love You,browse,2020-12-14 20:19:44.534000+00:00,Alternative
Earl Sweatshirt,Chum,browse,2020-12-14 20:21:57.056000+00:00,Hip Hop/Rap
Charli XCX,Boys,browse,2020-12-14 20:26:00.388000+00:00,Pop
Santigold,Can't Get Enough of Myself (feat. B.C),browse,2020-12-14 20:28:43.437000+00:00,Alternative
Carly Rae Jepsen,Run Away with Me,browse,2020-12-14 20:53:17.118000+00:00,Pop
Rihanna,Sex with Me,browse,2020-12-14 20:57:28.304000+00:00,Pop
Animal Collective,My Girls,browse,2020-12-14 21:00:46.304000+00:00,Alternative
Ellie Goulding,Anything Could Happen,browse,2020-12-14 21:09:36.596000+00:00,Pop
FKA twigs,Two Weeks,browse,2020-12-14 21:14:22.711000+00:00,Electronic
SOPHIE,Immaterial,browse,2020-12-14 21:22:29.995000+00:00,Electronic
Kanye West,"Monster (feat. Jay-Z, Rick Ross, Nicki Minaj & Bon Iver)",browse,2020-12-14 21:26:22.995000+00:00,Hip Hop/Rap
Selena Gomez,Bad Liar,browse,2020-12-14 21:40:15.361000+00:00,Pop
Jai Paul,Str8 Outta Mumbai,browse,2020-12-15 09:22:24.802000+00:00,Pop
Jon Hopkins,Dawn Chorus,listen_now / playlist_detail,2020-12-15 11:23:51.924000+00:00,Electronic
Ryland James,Please Come Home For Christmas,search / playlist_detail,2020-12-20 18:13:30.364000+00:00,Holiday
Mannheim Steamroller,Carol of the Bells,for_you,2020-12-23 16:16:03.030000+00:00,Holiday
Céline Dion,O Holy Night,for_you,2020-12-23 16:32:15.953000+00:00,Pop
Gabby Barrett,The First Noel,for_you,2020-12-23 17:31:23.910000+00:00,Holiday
"Idina Menzel, Billy Porter",I Got My Love To Keep Me Warm,for_you,2020-12-23 17:51:45.592000+00:00,Holiday
Guy Lombardo & His Royal Canadians,Auld Lang Syne (Remastered),for_you,2020-12-23 18:05:39.289000+00:00,Christmas
Rascal Flatts,I'll Be Home for Christmas,for_you,2020-12-23 19:00:51.327000+00:00,Holiday
Курган & Agregat,Тусуйся,search / artist_detail,2020-12-27 21:28:06.330000+00:00,Hip Hop/Rap
прыгай киска,суки я в шлеме,search / artist_detail,2020-12-27 21:29:07.639000+00:00,Alternative Rap
Limp Bizkit,Behind Blue Eyes,search,2021-01-02 18:13:42.783000+00:00,Hard Rock
Shutups,That's a Long Time to Be on Fire,listen_now / album_detail,2021-01-03 14:38:48.845000+00:00,Alternative
